,chr,position,c1,c2,statsval,seq
9,chr11_ref_v2,63455,201,121,9.2e-10,TGCCCCTCCT
10,chr11_ref_v2,63454,134,70,3.3200000000000006e-11,TTTCCCTTTC
18,chr11_ref_v2,63453,61,20,2.62e-09,TTTTCCCTTT
24,chr11_ref_v2,63955,85,41,1.8700000000000002e-08,TGCTTCTTTT
9,chr10_ref_v2,63943,201,121,9.2e-10,TGCCCCTCCT
10,chr10_ref_v2,63454,134,70,3.3200000000000006e-11,TTTCCCTTTC
18,chr1_ref_v2,63453,61,20,2.62e-09,TTTTCCCTTT
24,chr1_ref_v2,63955,85,41,1.8700000000000002e-08,TGCTTCTTTT